<?xml version="1.0"?>
<extension type="plugin" version="3.7" method="upgrade" group="content">
	<name>PLG_MICROGALLERY</name>
	<authorEmail>alekvolsk@yandex.ru</authorEmail>
	<authorUrl>https://alekvolsk.pw</authorUrl>
	<copyright>© 2019 Aleksey A. Morozov. All right reserved.</copyright>
	<license>GNU General Public License version 3 or later; see http://www.gnu.org/licenses/gpl-3.0.txt</license>
	<creationDate>February 2019</creationDate>
	<version>1.2.1</version>
	<description>PLG_MICROGALLERY_DESC</description>
	<scriptfile>script.php</scriptfile>
	<files>
		<filename plugin="microgallery">microgallery.php</filename>
		<folder>assets</folder>
		<folder>tmpl</folder>
	</files>
	<languages folder="language">
		<language tag="en-GB">en-GB/en-GB.plg_content_microgallery.ini</language>
		<language tag="en-GB">en-GB/en-GB.plg_content_microgallery.sys.ini</language>
		<language tag="ru-RU">ru-RU/ru-RU.plg_content_microgallery.ini</language>
		<language tag="ru-RU">ru-RU/ru-RU.plg_content_microgallery.sys.ini</language>
	</languages>
	<config>
		<fields name="params">
			<fieldset name="basic">
				<field name="width" type="text" label="PLG_MICROGALLERY_WIDTH" default="25%" />
				<field name="includes" type="radio" label="PLG_MICROGALLERY_INCLUDES" class="btn-group btn-yesno" default="1">
					<option value="1">JYES</option>
					<option value="0">JNO</option>
				</field>
				<field name="lazysizes" type="radio" label="PLG_MICROGALLERY_LAZYSIZES" class="btn-group btn-yesno" default="1">
					<option value="1">JYES</option>
					<option value="0">JNO</option>
				</field>
				<field name="lightbox" type="radio" label="PLG_MICROGALLERY_LIGHTBOX" class="btn-group btn-yesno" default="1">
					<option value="1">JYES</option>
					<option value="0">JNO</option>
				</field>
				<field name="layout" type="plugintemplates" label="PLG_MICROGALLERY_LAYOUT" addfieldpath="/plugins/content/microgallery/assets/fields/" default="_:default" />
			</fieldset>
		</fields>
	</config>
</extension>